,black,blue,chapter,cyan,cyan-blue,green,lightness,magenta,orange,pink,purple,red,saturation,teal,white,yellow,yellow-green
0,0.025350603255624563,0.008569500242071749,0,0.07445269340891529,0.03702014485829985,0.00034106466682270407,0.7478930481132254,0.022628498417716445,0.05646083086719399,0.11351401611460414,0.008961864882282592,0.0989235822771417,0.33388093253339074,0.0004556880448618267,0.5190242745061576,0.0333930764273416,0.0009041620309659464
1,0.2578161803440488,0.0078098225260519166,1,0.00038106540882788077,0.0015755278502703586,6.256900250881517e-05,0.5500236683696462,0.00570871505470751,0.3794204495683748,0.0019360060389179195,0.007222481244436909,0.08892710307536739,0.45300562115740484,0.00016389041947470294,0.14309167569880493,0.10549900797855699,0.000385505789651087
2,0.33384816769573766,0.0055249059092385274,1,0.00036739727719566697,0.021475606135773616,1.9525451824932408e-05,0.4459333138407018,0.00019764538990135663,0.27626163308488194,0.014794315304168684,0.0004415142984086757,0.13628446590915883,0.37851983910998327,5.618548382276469e-05,0.19649139585064224,0.014177071939335617,6.0170269909485585e-05
3,0.17104936069950175,0.037145118270892404,1,0.0009599214769820997,0.012231192964632218,0.005674264777406699,0.5893639150122821,0.001956270332782119,0.12259214025261386,0.0006428831910063604,0.012078278033770182,0.038929259231238196,0.4896070813616683,0.00323002768881091,0.14054763560291916,0.4231468371628116,0.02981681031463248
4,0.32480901746707125,0.019267473172954106,1,0.01503046771398586,0.005131104729207514,0.026937689660502615,0.4611063723014748,0.004472937022543668,0.06899655865340026,0.003444194049643255,0.010198752003384397,0.010752377620670859,0.4773291081158837,0.02886500646777907,0.01841527209417737,0.42233865128501347,0.04134049805966628
5,0.17539359399114052,0.004082105629091982,1,0.03739694962377775,0.11651362653453745,0.011842765799774644,0.6020163618208185,0.00015923250741768226,0.10060982403795,0.001778298918718085,0.0008962399654145373,0.00830399552042086,0.4126884060498614,0.008786555103969104,0.27181758842570103,0.23119182493013826,0.031227399011948112
6,0.2212365255985317,0.004562261339869322,1,0.05028370520354752,0.1360496063047248,0.006659114371967398,0.5280484364418335,0.0022595115057191953,0.1088601100065434,0.0112394946304173,0.002348047130601577,0.015515147621830167,0.421867810228477,0.009326713339353756,0.15527213174430418,0.25248177710353437,0.023905854099055303
7,0.26983462339178865,0.024448829168994615,1,0.0022814903897847008,0.037069857101529366,0.000106710292106238,0.5062224607191913,0.03739120520551469,0.1790635218372672,0.0735542276954188,0.026727479360890555,0.10256522615887174,0.36697609757187405,0.0005404490839753195,0.14220059343906172,0.10376662986581688,0.0004491570089794885
8,0.20712052741162112,0.015579702943589947,1,0.0331558988416528,0.008800875179438962,0.01483862357995281,0.5735385422299638,0.0005958651259895762,0.3702346507942367,0.0010457047616073026,0.002181864201972723,0.00837050560920415,0.4916084739447793,0.005894562294677006,0.20919855126488496,0.10357831407892597,0.019404353912245983
9,0.16803035822707954,0.0001691965189232949,1,0.04076583687512649,0.001685893543817041,0.012781218376846792,0.6583177290390726,5.140659785468529e-05,0.3238413276664643,0.000301558388990083,7.48836267961951e-05,0.005625177089657964,0.46007098021080556,0.011029346286176887,0.2310139647844566,0.18445699251163733,0.02017283950617284
10,0.14501774893912395,0.0025218632897094514,1,0.000519063123707188,0.001006704973416378,0.007280758060678969,0.6676787188747316,0.000610062397753338,0.3432712974007261,0.002265596275803701,0.001167892028341173,0.018747482727480842,0.5309114564426585,0.0007936932198195603,0.36563385891195066,0.0749597338414058,0.036204244810082886
11,0.23289365577976057,0.0005515232179108787,1,0.0014201722861205126,0.0013082455154268344,0.023526520561677734,0.5808688137023169,6.123529845922257e-05,0.25244231513225607,0.0006642610521603084,0.00011760421558393737,0.004819745180052054,0.4357950468386962,0.004025308427193663,0.2554635268774296,0.19331618744976475,0.029389699006203824
12,0.14660906172701083,0.00021174332514458036,1,0.0008046246355494054,0.0004638187122214617,0.007500150236930698,0.7041023401085927,3.266897016516383e-05,0.24573720354422027,0.0005823949743024268,6.009477227912852e-05,0.006470876016418376,0.4579340195860674,0.0011559168949797473,0.3731494137533138,0.18561984531040968,0.03160218712705447
13,0.26812450479769256,0.0003853245918168295,1,0.0009902039250126234,0.0011206523545339458,0.04410722298974956,0.5230184981791702,5.298213137481406e-05,0.3590017042585592,0.0005386516689772763,7.666353858022338e-05,0.008679436430674085,0.43490270519207175,0.005976544970992283,0.24362348007510617,0.06188272806599968,0.005439900200930719
14,0.3126272077892878,0.004894781323427498,1,0.06165062599995882,0.014301906346489328,0.022818498045575637,0.5075040623963912,0.003213316562112703,0.059025675012912525,0.007558396333978154,0.002417762252397905,0.034021819117090214,0.38371684822054036,0.10260423211358145,0.17466010330858975,0.1617912873985122,0.038414388396086026
15,0.15323507256949792,0.00042549546292337906,1,0.02805857037546154,0.005582918729964412,0.00014880276113577527,0.6891910838431022,8.04339249382569e-05,0.42339855050023867,0.00039613708032091525,0.00012065088740738536,0.009361704523563722,0.5375963187675847,0.001134922680878805,0.21998195867063636,0.15765089504860824,0.0004238867844246139
16,0.2087967625863267,0.002298707877880143,1,0.00013696134045906077,0.0004697533694692348,5.846887633632419e-05,0.44943058295403665,0.008971768743579937,0.22446361814217147,0.11274281103139498,0.012018557861160448,0.3166934649016542,0.41526195051652215,0.00010091888244351847,0.08893196185106055,0.02417127376048986,0.00014497077557362574
17,0.20786457482682755,0.0006773180128162019,1,0.0005368105527107131,0.0014611174626354235,6.324837235517724e-05,0.5294674721998194,0.001538376550385735,0.26523445130836065,0.06044382743922552,0.00026260083712022957,0.21878452640579515,0.3981421069348758,0.0002978277786851384,0.23853002776523485,0.004218025946243687,8.726674160397872e-05
18,0.2230646571719659,0.00030071051881385335,1,0.0010292318690602155,0.0008772728202196149,7.658094545792799e-05,0.5151394392056383,0.00011106241828191651,0.3328115671709114,0.009614717654874939,0.00013110978620284008,0.24440227369228013,0.4606035309264735,0.0005096040925498768,0.16307892287897846,0.02385195740495643,0.00014033157544646492
19,0.25416412815515754,0.000148801227630182,1,0.0005883865254271618,0.0003766155060505146,0.00011831903544717978,0.5011668793201484,3.128435513518652e-05,0.2609993586707197,0.012014395616339898,4.2514636465766294e-05,0.28018388783515874,0.46046706644805335,0.0004704685714560742,0.18817940695290783,0.002466651077966629,0.00021578183413756855
20,0.1803644041288708,0.00018420942313831587,1,0.0006001921904878608,0.0005421480834158312,7.255513384003688e-05,0.5444827215506591,0.00023298259644189624,0.14604622890661026,0.047992399446646176,8.424457206982061e-05,0.3921899235430123,0.44055691972258365,0.0006421129344843265,0.22827699292829295,0.0026438284603155665,0.00012777765237384275
21,0.23395165302012672,0.0003322995126273815,1,0.00043106964453949124,0.0008765349358354034,2.439262367060201e-05,0.52332722222656,8.557412238539066e-05,0.32517006857126407,0.00445345327572942,0.00010196916452464774,0.22914070784994617,0.4998009127575343,0.00023592865517467517,0.184112724312168,0.021000049585005495,8.357472700255443e-05
22,0.3748506262013329,0.0001514213833362166,1,0.00028766067546721885,0.00031602721429801404,0.00030763711126355353,0.3787067061950741,6.472365198012425e-05,0.35793218319670117,0.001087517164752458,5.0740146922689996e-05,0.1349899658362995,0.5138735965802069,0.0009960250888052453,0.1018710329295563,0.026179518639812476,0.0009149207594721266
23,0.10968302988105182,0.008421085429616768,2,0.372784326978272,0.02717189184611556,0.007885804632895241,0.5927735892846593,0.00014939926714466442,0.08394680906733712,0.0004110477162883949,0.00045818438346237995,0.020035080865349317,0.5191033822534937,0.012116120780119831,0.29407328313677744,0.05511474782482257,0.007749188190746913
24,0.46081328085663725,0.006938159635145571,2,0.042126795656587404,0.016218990368659043,0.018360502597661213,0.39382799267403346,0.005370577540470574,0.043949367867359805,0.010855293513860938,0.006849520213835521,0.04340660319166676,0.28339728399153774,0.04585612729106595,0.1569107987909421,0.07137335248052766,0.07097062999558017
25,0.08481593566628305,0.17873877823581588,2,0.03076148664145766,0.1901490010777765,0.001864086498160067,0.5648445206008131,0.03148690532007526,0.12162717864094617,0.05865580365388558,0.05233487794333453,0.10036230339712715,0.3809622838366204,0.004162937072872711,0.10574387889932838,0.03762393922233656,0.0016728877306005307
26,0.19564722394104017,0.003593437302880882,2,0.02975906388814204,0.007857535219330462,0.02340794218253718,0.6209705985123369,0.0003610589748240695,0.3097289956514263,0.0030351252064189597,0.0010047044869510627,0.035960959319116526,0.4334439543685857,0.043302205933116615,0.15911551700257587,0.17233790831932194,0.014888322572317926
27,0.17688064412885088,0.001360971130091352,2,0.032768319035396544,0.01448327653904163,0.006190264015011265,0.6530968255588063,0.00022508529603109358,0.28977347131313,0.001993552854253087,0.0004037310607249169,0.04107890327398696,0.4333724350316582,0.006767201976399514,0.28448856897211744,0.13427927730048259,0.00930673310448267
28,0.18617975288959746,0.0006439627259222172,2,0.03150723511062654,0.0042644002253046055,0.0034446241464611694,0.64400913466735,8.481861991047106e-05,0.33445011182882123,0.0007053121160516356,0.00014905019615335207,0.012532156962208775,0.3772630479818388,0.011843726221964564,0.2814874715487056,0.12471919272437407,0.007988184683898296
29,0.0841115517461942,0.0038394190678653173,2,0.2845260493013349,0.0254736329199222,0.029900535253477436,0.6778570493394125,0.0008681878219037554,0.1627438646295148,0.0023715257209299674,0.0010527439379630708,0.03579044203023135,0.3946663464870382,0.11272915717744032,0.1831497414177332,0.0462119551622342,0.027231193813255283
30,0.06043703094840704,0.0005599741524636351,2,0.03637069786674122,0.005749988700073157,0.03385541785455404,0.7369256207466702,5.315150774505356e-05,0.06445478271496227,0.00037331610164242343,0.0001272288059409156,0.002716586116323958,0.33100721097199903,0.33981935183619627,0.3727632422587131,0.034441339987176675,0.04827789114906027
31,0.11768925832213667,0.00046091257358675335,2,0.0319049762319835,0.0016146512740464584,0.013946040336303797,0.7354160447356308,3.997073808882414e-05,0.13907485228522287,0.0005733302744615712,0.00010950316788917447,0.00266554859629846,0.35850301366638826,0.037479645109809195,0.5521461996363496,0.0886109627243722,0.01368414872945098
32,0.08759028106695586,0.0014912895234602138,2,0.11328962812754109,0.010092481059831451,0.006039040913050916,0.7619010284324486,7.476237658160908e-05,0.11223503883905464,0.001280635532974386,0.0001939424004264094,0.010252560501453248,0.2935966048760776,0.04422502419882218,0.5729199237775582,0.029552687905338517,0.010762703776951286
33,0.0644800216943499,0.0003444710963912377,2,0.0632238830036088,0.002020815663581221,0.01533710731414746,0.7233737183094586,3.542433260760956e-05,0.09370713197681213,0.00048291101692672335,7.980654242633876e-05,0.002919860794588139,0.3994457283298766,0.319381711027839,0.34101620602140365,0.07597134945126895,0.020999300064048824
34,0.11365891073912299,0.0007256443713743638,2,0.06805046579418343,0.0036501483971699044,0.005679801353819065,0.7388364685127868,0.00010342707687775995,0.22057230752427848,0.0009258791922097071,0.0001820316553048575,0.006825359657317134,0.44250810185065653,0.05437078689802338,0.425108453632814,0.08930969459225323,0.010837089115251688
35,0.22619847400493004,0.0036371042092889815,2,0.013023520334911045,0.02434045796753141,0.002454876330851415,0.603078813717831,0.0007216744876237896,0.2979493120853435,0.0051615781854872445,0.0009392754016321336,0.049489208262243324,0.38612282455669367,0.002614591176473074,0.2888497911453752,0.08223159666677653,0.0023885397415323666
36,0.16474633667349672,0.0072059167746848,2,0.016536133042688795,0.07394857664940707,0.0006141710192729581,0.636894082900463,0.00034308012730987743,0.3159944860359395,0.0021094902791907095,0.0005257271015611791,0.01770194728824778,0.37803675080967314,0.0015919905188120213,0.3294103999351686,0.0659573601588535,0.003314384395366526
37,0.24403777570526894,0.0034948197622557773,2,0.0038138770453095194,0.006664234948028361,0.0006372682603168907,0.5835386076118863,0.0009017388198773534,0.2902101038755727,0.0061970741516207606,0.0009520940144176654,0.042604302957161694,0.3591095105368607,0.003554484320492618,0.2869200901146406,0.10830344463382888,0.0017086913912082368
38,0.1865656781752954,0.0013185827600961063,2,0.007124872461573907,0.010702119606358819,0.0010552776223546063,0.6927207937284406,0.0001316525688707501,0.22976417733601026,0.0012367113188296087,0.0002822301945166705,0.013212158114735214,0.3318029029685305,0.005827271829641576,0.47289438172662346,0.06714116446697166,0.002743721818121976
39,0.3540489818814559,0.0398507033396575,2,0.02450076640262399,0.18626263492437803,0.007810964738333351,0.4702136870695212,0.006380435831198482,0.09537648412349622,0.01745754415300898,0.009927057764248121,0.024039852936447535,0.2851295258026675,0.008132532272875064,0.1845373357772466,0.03736034143326223,0.004314364421767978
40,0.1915826814495062,0.036614191670059706,2,0.05267737785961107,0.25714204641677085,0.0011462766053277314,0.5406980289112687,0.013084668629224333,0.12580982527952034,0.03252633058166894,0.008436055331154583,0.042371698092811924,0.3174092349166979,0.004048675994220424,0.2155355836687337,0.01716937689394622,0.0018552115274439787
41,0.3742858918408545,0.0036480708204450736,2,0.0013230721735870692,0.0006980208043076022,0.001659052319485846,0.4133773821691649,0.01934932914226835,0.07884988944328732,0.06573784327207777,0.005888873965347537,0.3138623884660181,0.34980209551858477,0.003941151353442694,0.045644787195868806,0.06702563352103584,0.018085995681973544
42,0.17880951908316128,0.05452828066274946,2,0.0022468536604732412,0.014770591816208777,0.02071671033825631,0.5861112403241766,0.016200670954422743,0.2000088501138108,0.06726045140543116,0.023768345376105022,0.22032358332009952,0.4148377216756728,0.017048462230691865,0.1273547919644275,0.035876459028108626,0.021086430046053678
43,0.15243478215276873,0.08397041083381968,2,0.0024900974864696234,0.003678278114124225,0.0002379587815058435,0.637921802456802,0.031634401741374295,0.09169398823354323,0.1106431703208128,0.03673115618525454,0.31309527506623525,0.4436247522466987,0.0007292025033263814,0.1583087341762452,0.013658834058435416,0.0006937103460848319
44,0.31233635395611176,0.07820786367637583,2,0.0016506033087494813,0.16238662634176718,0.00013962322592241602,0.39959653163256803,0.10912036565236545,0.06315543675990663,0.09311745763759106,0.06742919136486518,0.10142824930930637,0.29284604401576975,0.0002652038860193017,0.000120766066099561,0.009976641194789646,0.0006656176201301385
45,0.31004558281419226,0.012373191958736873,2,0.057151113670555385,0.34673543854564715,0.0009889392866229202,0.3985831670720614,0.0005708782155621152,0.07909931990124765,0.0030896545291545546,0.0008473648203274285,0.006449549730737857,0.3909560503556585,0.001869199350589595,0.12031247983084349,0.05615717763806321,0.004310109707719514
46,0.08439404636002568,0.0006252026761366989,3,0.019103723064118713,0.0021092176414060763,0.00429010196069736,0.6483788876288746,0.0003615009773988639,0.14101111783783613,0.0067936843047203795,0.000304880342384584,0.19944876050302882,0.2924363906341655,0.014759376159386692,0.4969953448335254,0.01910451496111192,0.010698528378222674
47,0.10809916695764953,0.021416072230258893,3,0.0018077517833092233,0.0025152890706838927,0.0004373721753878386,0.678237583019294,0.0013021399710679902,0.2850497331271512,0.006554197635556442,0.0015794882027235996,0.01797934853095226,0.3598961043905426,0.0008284531351324388,0.4137217538783858,0.13769681249064697,0.0010124208110939292
48,0.34933284535367015,0.05380581721849168,3,0.04479273588949038,0.20428412211933444,0.01731358308358712,0.4134044745699841,0.0018432543072890346,0.08488664773725689,0.0034784709270361336,0.012607083865041306,0.009183955002458076,0.22767266952740248,0.017568479745410346,0.07978790658744268,0.07218826966370202,0.04892682849978974
49,0.27537213514367725,0.017109114298781015,3,0.06287214018930384,0.06000138048343561,0.06489725287832815,0.4984301211032497,0.0006196029455157095,0.04514382659513448,0.0038225667062109243,0.006495537849666969,0.005691466795942348,0.21787529329545735,0.06373958431302583,0.1420247009658944,0.13456645756244567,0.11764423327263782
50,0.369307760984893,0.04622784315239344,3,0.002546174044958863,0.010165805211114789,0.0010624116539207384,0.44875125004254307,0.010119809809012306,0.15531086731722782,0.02317798660055375,0.016806802062893783,0.10548265193061594,0.23875413570917026,0.0017773937526745095,0.2449879385271451,0.010907481070017322,0.0021190738825786664
51,0.2093189342543683,0.03004475647357274,3,0.001363309508480497,0.0018287899227171622,0.0007640750560580763,0.5456365884729959,0.12092019506001753,0.08935587818320295,0.11110543008672334,0.06909561818498633,0.08226814126062568,0.1933442212342846,0.0012365090441453772,0.27508624476743565,0.005876178937543,0.0017359392601233809
52,0.1271857331403791,0.04826304461209588,3,0.006249382734187589,0.021320871297731483,0.0017703795664406555,0.5489564382233707,0.03009318775246682,0.2697996426592097,0.03644010868775614,0.048170403726530635,0.04514671949237692,0.3415641357567012,0.0029114540864425167,0.21803052823261596,0.13805899796026808,0.0065595460514985375
53,0.08467232158222905,0.004867105071552443,3,0.043186714809568566,0.061126537285375766,0.019738562199658454,0.6673878870854408,0.002323303194376415,0.19060021975403435,0.008757065886495717,0.0024064556057136048,0.016914276069315188,0.305958313415067,0.026043252492090177,0.29181738903083176,0.20285134169104702,0.04469545532771151
54,0.11685181721581532,0.0038985409246086148,3,0.052137846553527864,0.07962001146871486,0.016677731167568613,0.5999514475473305,0.006688850477143756,0.1857179559379374,0.010920354091433198,0.005601994487617693,0.018321580298474333,0.29177127837745537,0.016708972111291753,0.17703215145280665,0.27868401635216766,0.0311381774608923
55,0.08583684532287542,0.01773432774666849,3,0.04157358268459082,0.2362942982199416,0.001553974076314232,0.6041971297786787,0.019026122048140272,0.1843709148732757,0.0543033253338016,0.011243650778165831,0.06286989704667695,0.2684964182601543,0.004235930904857602,0.22595953732789625,0.05197866466353189,0.0030189289732633537
56,0.21889778612120692,0.30770113869212706,3,0.045964048066883256,0.09795040267959898,0.0013772317359142987,0.5371855527309646,0.008994248935747915,0.0322907685050103,0.022598404157485458,0.03792137045674211,0.01965677946061186,0.3706920943445533,0.009000312474356285,0.18462828285033206,0.010790269071546926,0.0022289567924365845
57,0.07824043473276764,0.1902207891563963,3,0.008442297013732555,0.08317581262393323,0.0057496075193679335,0.7440066999496869,0.00848782558006239,0.11431288043791976,0.024089896154218263,0.0446663691049653,0.017856547617595815,0.39190825114341327,0.006737821311759297,0.36002079679869137,0.03523341926850228,0.022765502680087837
58,0.1649225189410743,0.009930959520627598,3,0.002469113208005083,0.015566632835386219,0.0006059393193347956,0.5225578194281664,0.00069545760354381,0.5776551222561154,0.0017796234900752073,0.0036555288680552214,0.046393547044643366,0.47890261079481794,0.0007845780287118956,0.14381967755116168,0.03033078398521874,0.001390517348046691
59,0.050182353119049276,0.2819477284499533,3,0.0095918486761678,0.1550506139372212,0.002629953350431761,0.6908484345377105,0.0029621827866666826,0.0953255004156795,0.003529250524164586,0.006619848234766044,0.00764441868291842,0.4269741452219825,0.0028212012646710123,0.1636830813926775,0.20187218748735977,0.016139831678273098
60,0.2624010455653731,0.11084461175202001,3,0.010314849001971266,0.05977220923823438,0.00497309466330019,0.4495641234848681,0.0037391478064548738,0.16606172783047593,0.006079875995561642,0.025064846394476283,0.015462846405708568,0.37002106540244634,0.005504622486876277,0.11320379298254904,0.20710771040278175,0.009469619474216689
61,0.1601641284658853,0.05758825236417318,3,0.007597544093570725,0.01646462339597257,0.0207717313080708,0.5519869173026214,0.0005478708694449807,0.23367796350979325,0.001013059395222807,0.004531072707080137,0.010531161811353409,0.3640274068678916,0.009142419534225473,0.16737595541254274,0.25177777073149393,0.058816446401170716
62,0.1665621899734311,0.016723367962819126,3,0.00835390452809222,0.013211149512494417,0.01732688976228038,0.5662417165138048,0.0021127357430258224,0.2716658798500285,0.0041378502750036746,0.005543884100885589,0.037682443534475876,0.3522764120481242,0.0097292299856162,0.13266711186976704,0.25257100696015405,0.06171235594192597
63,0.20047936788438298,0.010503031595624752,3,0.005265328092786123,0.010005382732600062,0.01879081482384246,0.6003897769501297,0.0013479174918497303,0.2274409676731361,0.00964260686755431,0.00286970740278074,0.06900703817677706,0.295709526338378,0.012532220224856037,0.20831134537846704,0.176428506139362,0.04737576551598062
64,0.16897024239703176,0.006154227468993108,3,0.00431868291437241,0.013448837585810352,0.00269177038460062,0.5481187042297597,0.002470203174211079,0.2499440866173405,0.006175507935527697,0.0027506046156080123,0.10253471219629436,0.36931242021065,0.0033940257802420465,0.22913179034651276,0.19168693179068033,0.01632837679277499
65,0.15181734607651115,0.2022443603837642,3,0.012964787171765177,0.2282033972413693,0.0036687234917434507,0.6435106758470454,0.015100178952748532,0.06024956030400191,0.014989160783771193,0.024655000365078977,0.026673396075678524,0.25253667230036986,0.004175564132420764,0.22073016649736396,0.020321875831301916,0.014206482692480952
66,0.11668898640408712,0.12930518262963273,3,0.04109004864199394,0.4002240755766106,0.007367969338530505,0.6384301978420885,0.0030226536031826056,0.08752433104420201,0.003896539421091951,0.006538291336652343,0.009877990893189897,0.23311330605997044,0.011906191907469022,0.13160398906325424,0.038913148610155386,0.012040601529947669
67,0.1658676975012611,0.12623366769080058,3,0.010693241612711278,0.21869922880875656,0.0034527359286972517,0.5336172667463697,0.005249649748087594,0.15595352750509747,0.01722545747453389,0.01303942215630602,0.035987823643856214,0.20941434784743204,0.004641398195252996,0.15491586639983504,0.076601001609578,0.011439281725226019
68,0.17680516567286184,0.12212710140611238,3,0.024405987753282937,0.18887783487843052,0.00635823865256541,0.5169238030850017,0.0018008884044838447,0.09128598978102498,0.006064216055914987,0.006201933536529984,0.20249707984023083,0.3886278331331837,0.011310576153331094,0.11916702046540904,0.03065819239469999,0.012439775005122162
69,0.21241058690902562,0.009169468359986832,4,0.03523170086894061,0.04775043147739857,0.0025846743218571984,0.6324626105993706,0.004953061244849706,0.0886578808224508,0.060393667009188225,0.0014968524596705808,0.05333878707463312,0.28069773946952015,0.004252721051108872,0.45061005417161326,0.02476730149545577,0.004382812733820844
70,0.14307681994633145,0.029523381970866232,4,0.04084821473914289,0.18773220985575312,0.015901080886729327,0.527681790570726,0.007265768940909765,0.2448869649651317,0.004885421131426969,0.01028233874555386,0.023507712058763185,0.3213403894367776,0.02250056370243824,0.13054779688836254,0.10752232972631486,0.03151939644227585
71,0.0866099609035098,0.043547750010072134,4,0.06243767218674939,0.16968616063993142,0.018193802793033655,0.6106389963056634,0.012408452617155522,0.07268425046508334,0.00641127613718536,0.026580047706606446,0.059745401396309156,0.350031210020144,0.02421506932327311,0.23516457865463714,0.15251618498334257,0.029799392183110965
72,0.1424253336038681,0.014882353460105075,4,0.10992426897465982,0.040344434615727,0.058176873607059996,0.6242302575395671,0.02493437793976003,0.07477586647985866,0.012329649301916011,0.029141568016373236,0.013172530882266846,0.35779193861340797,0.09079181947738134,0.2074703688228449,0.13803569294730267,0.043594861870876314
73,0.11174755875819246,0.0019374744516555326,4,0.08485810119504256,0.016690918428485833,0.042288459707810935,0.6625861352554456,0.006237595803791914,0.10698986705661473,0.004367316997858538,0.004944079623640388,0.008458251905276538,0.4529613082185396,0.048186477516256945,0.14634931656428662,0.3032991462153252,0.11364543577576174
74,0.40717798802851485,0.024719822718493267,4,0.11686746406906713,0.11941664931843556,0.0204107632444702,0.39431072269802275,0.007714671298577391,0.03032819102291333,0.002799964312210288,0.013624456745836224,0.007033066666237984,0.2651460618726144,0.047541119326626066,0.1407175978580896,0.03519949394071165,0.026448751449816458
75,0.31841761618439285,0.148044931664865,4,0.02718131111243262,0.08305344046244846,0.005159858678199638,0.4593008296841275,0.03138520291995539,0.0317945538807693,0.015616840983647956,0.10328515347198858,0.03331628043758599,0.23142153668733317,0.00857681908642641,0.1604101818821672,0.02367555616743228,0.01008225306768832
76,0.20430317490818198,0.002830585729366909,4,0.002156877541478564,0.0019491638161134505,0.0021374286907889467,0.5346788367933197,0.002743454878277423,0.41350162553494063,0.003562640469324106,0.004164387909660867,0.03806490159270528,0.5328404259045414,0.0020821939548304334,0.16280438423771787,0.15437175155571356,0.005327429180899984
77,0.1941980226052194,0.01119890156126095,4,0.05273420787290666,0.07180546403871034,0.027878561319703798,0.57318515759172,0.0016652451159579222,0.17188499989944647,0.003516612821243843,0.0012819587667485684,0.013848782494066356,0.4440500493590348,0.04311853130349299,0.19621500786880566,0.18064774604361342,0.030005958288823614
78,0.17418887162752655,0.007301437038220471,4,0.14559356367117782,0.18227203774555215,0.045681274707229144,0.6126777518498019,0.005380299075954101,0.04269743030907112,0.007132930108969139,0.004301298337941442,0.02346021825621558,0.3694669068839032,0.06336496415054822,0.2455976571178082,0.020647662741329544,0.032380355112456516
79,0.11637274850859759,0.0045114578020035686,4,0.11854392453074138,0.02340045268310527,0.09531021248985956,0.6854169787679776,0.003197241959986976,0.027809027961183723,0.01280276434698767,0.00211953766722352,0.036643128511703774,0.36183921190148893,0.16474172544635643,0.29642465490994035,0.0395675938182188,0.0585555293640914
80,0.13627141591502248,0.018458657538374116,4,0.055213728564104184,0.12103685937077281,0.08142773166432425,0.6810768318703956,0.0036424988301244844,0.012418463373005867,0.009796983139806018,0.005135863408092142,0.028383517762726466,0.24390105461483338,0.06478892488540015,0.38898211039548786,0.01867924550921654,0.055763999643542624
81,0.08163665664711395,0.007608699176710539,4,0.13378534810649909,0.13203638491943825,0.05361149751780984,0.6725158672973084,0.0008146966410179087,0.04959921789122462,0.0035947982632775284,0.0015090127335869025,0.011939966990599779,0.31336441804924753,0.12497851794926669,0.3255835822008645,0.042118600375490034,0.031183020587100395
82,0.07254111913880618,0.004164561431885279,4,0.11366626336907495,0.08149760864012376,0.07666244151717831,0.7070375045244942,0.00041197209319457335,0.0813458715912212,0.0008403590122598731,0.001769998662792234,0.0061991991166421515,0.3537970916177,0.12167870020202247,0.312354118239594,0.07771459181933121,0.04915319516587382
83,0.17546485521846755,0.05410069752940054,4,0.028116549848171517,0.3036956135799035,0.010324256366510699,0.580065888637813,0.017062437878740913,0.06733471467798795,0.004270440284486684,0.038089364437876326,0.010786404315849943,0.34396758134000843,0.010073859132635254,0.24652332297257748,0.023793775736669066,0.010363708020722584
84,0.1711678688361183,0.07547461778567702,4,0.03764627198852734,0.1222812521854886,0.017194118011159155,0.5705130536325714,0.018962605335526257,0.08769647291280312,0.039932443784209175,0.021363728807291954,0.04726161795689875,0.32458333636627706,0.03692159411447418,0.17261159757910163,0.11208511890263753,0.03940069180008698
85,0.19782289228324543,0.03924141340547462,4,0.056629419689727976,0.03320774684898089,0.14871986913533966,0.5140129202338737,0.01520706183179351,0.05230350018204512,0.01854662053524861,0.024427616983470464,0.049837598171475705,0.32510086753912587,0.12135595035743589,0.17356992670635824,0.037888564409400485,0.031241819460003428
86,0.3197802615183617,0.25350299585836006,4,0.01442488136841972,0.1645759709738061,0.003525764463577787,0.3550977209164334,0.01599029955316357,0.0052623045422448495,0.024155550209981676,0.03525805304125263,0.016023380396618894,0.22064295635639447,0.005195734449859447,0.11569637013298091,0.018445633267403075,0.008162800223969563
87,0.2617580610349868,0.05795303751106851,4,0.04166109308873601,0.11125668521608112,0.010743943401444507,0.3794411937864606,0.057407305586079156,0.06708153234959341,0.04907894402103489,0.06878889365777438,0.10513587083633212,0.27847828861526785,0.030881451433551598,0.10331525989559696,0.026516006358392415,0.00842191560932816
88,0.17933609044390816,0.17900403552867428,4,0.06029820854570762,0.25294373291409233,0.004825811361565345,0.5326676243160987,0.0019238356548471405,0.036832460470845055,0.001266935701911619,0.006915073650901735,0.000896828655257703,0.3383697883303635,0.025363948609595146,0.20481499654526703,0.04150406056297127,0.004073981354455605
89,0.2872593829165202,0.00908097662619884,5,0.00922453239073644,0.023366494428403068,0.0017372826355119139,0.4586599351410101,0.006620757475859852,0.07938160990483198,0.15889474095921038,0.0032106633565744673,0.14204241170245963,0.45769617767808707,0.005272020981491622,0.1758098221369866,0.09402558731070196,0.0040737171745130925
90,0.06960669994335367,0.0013313099038951826,5,0.005621804553201083,0.012006839579378797,0.0044076660824256585,0.5942223104195002,0.00022787823544670195,0.11483123677275933,0.008064626914035764,0.00045494839204430213,0.3852317933774706,0.5073322945090919,0.003978576213552613,0.3131143924499577,0.037033849614910026,0.044088377967568565
91,0.1814313121795372,0.008563146302086771,5,0.010020345574687464,0.06886806985113922,0.01934730116051798,0.5738853091299863,0.004077117130093646,0.27781372095954293,0.014276311709408377,0.00551911223675287,0.08757719615174558,0.6293171183097699,0.013624933231705487,0.05390637034547466,0.20460526184174463,0.05036980132556321
92,0.0939232687530412,0.009263675826567981,5,0.02642048364791149,0.056199499961584756,0.004699064588828847,0.70819178844566,0.0019911901042333597,0.1966940481983251,0.007108420621302533,0.003046008656234794,0.055329954926114686,0.6271928755523003,0.011150424488437012,0.17297143506543397,0.3532313622045228,0.00797116295746152
93,0.16272668826181386,0.0178919262129932,5,0.022263767703496796,0.11422808509077893,0.018524674388785193,0.5785245504253392,0.009200058830633542,0.19415424387689093,0.005844400945913682,0.006682817190183574,0.026882929032160347,0.5795322774803947,0.016713121343761822,0.07316800968712546,0.2819119318170495,0.04980734561841319
94,0.227564036286301,0.013990316017860011,5,0.020648053739101942,0.18324884239191813,0.017429736251465402,0.5076697187906559,0.005310840238154699,0.13642516626449297,0.014865182998312302,0.004018025441131791,0.0840405174758656,0.5145318223538757,0.03318569290260186,0.12439097328156241,0.09624888852126802,0.03863372818996384
95,0.18240785671813645,0.02387763036067717,5,0.021068615622496078,0.11594070635041565,0.026608248380102673,0.5460416256650575,0.0022682783959950934,0.21181868728513772,0.00826944670812178,0.006711161159933729,0.05041954305567896,0.5133710752347245,0.0371286860026478,0.09562349312460776,0.18534069806850587,0.032516948767543276
96,0.13519347283374888,0.011128445513979781,5,0.11544029115366747,0.1429019237168389,0.11779892199840213,0.5395995625719975,0.005392419266425218,0.11925051078885733,0.011493352109144045,0.005891553617960478,0.03917079396923532,0.5348247731265534,0.05050339427434224,0.001083869038720287,0.11633487494313405,0.12841617677554387
97,0.2535032582441003,0.04735957904390395,5,0.0982466351929113,0.10899859853524328,0.016361455198336327,0.5115883969917504,0.016824842738862554,0.10448460649194642,0.023343752825533783,0.028258567018432167,0.04457642826696289,0.5044073601016708,0.018492714966610264,0.10708490486831398,0.09442732081272039,0.038037335796122396
98,0.19911240034114436,0.0076433304557783025,5,0.19740667856909874,0.07901670062501776,0.000756008547018809,0.5067228713304024,0.003394634460462434,0.1898125747153762,0.01915835317405526,0.004429193536186956,0.12291762468437945,0.44846921235696324,0.020200516359040424,0.12164773843785182,0.0337850574450433,0.0007191886495462147
99,0.09958356882361707,0.005509568838881263,5,0.24782133829178463,0.17831987072035324,0.06126764269104438,0.6399275065336989,0.0004972912089920533,0.11987931650175317,0.0014958905188096985,0.0009371408647645077,0.01640538793735416,0.5290333858112051,0.0669141875414493,0.07739024144331744,0.06317646969034182,0.06080208492753728
100,0.20148283868137046,0.02771120802601671,5,0.033762814874700134,0.10599127765849616,0.01569737090670507,0.5105485902222991,0.0035575940637701886,0.20151493299803575,0.007902514528772149,0.006503364825035192,0.11407538914358957,0.42797753279085565,0.010377839483728385,0.18580374934744942,0.05583314205391439,0.02978596340841643
101,0.13758150953564263,0.01251060347494586,5,0.04173926928335479,0.24829595920281827,0.04696546011596459,0.5108248732751555,0.002712094448270012,0.12565332375278185,0.015893336526850495,0.002581559434348273,0.06308673393012185,0.4696292462499308,0.024754149077372934,0.009083161182798918,0.1866690618045368,0.08247377823019271
102,0.18225654887816348,0.013100555420043906,5,0.045681599161871554,0.07024084196720262,0.0039299267037479855,0.5800796174048926,0.0003978710897669155,0.1911492676372855,0.0019337734573998025,0.0007037719778791671,0.08214618463617789,0.40616454892796994,0.0088607291237639,0.33791931414221793,0.05439437622210404,0.00728523958237531
103,0.2442587876364294,0.02373775586745103,5,0.05601453943655204,0.05724027616133465,0.004775486568613158,0.5442590379912401,0.0031091361773140157,0.15688086246256616,0.004998236730890927,0.003239854279857277,0.0415150105918313,0.3771918196351648,0.016485140894567908,0.3447390646773625,0.03869500168182481,0.004310846833404869
104,0.167232942325243,0.022206408873628652,5,0.028980576173183822,0.1730693443700579,0.029147307724218037,0.5304074963811879,0.004486195584884708,0.17712315478431798,0.025752844807229607,0.005383275150138172,0.09148616048350554,0.6093564414117166,0.01919048242059111,0.09042753479823089,0.08174193785141268,0.08377183465335793
105,0.2178448404434771,0.08604192471162106,5,0.019107622392067754,0.19183151635124368,0.004099874064757353,0.5101167203541876,0.011436658720277807,0.08546648280174411,0.023552442577437414,0.019013111142836405,0.061549155021578074,0.4717422634930441,0.005714540934536804,0.13164459941985246,0.111642908585689,0.03105432283288098
106,0.1526711382520773,0.022285714285714287,5,0.07440624687155871,0.21395294824306738,0.042531985183702076,0.5797051504640921,0.0037192912203423767,0.10805085594153568,0.012048853739113024,0.007394934427870658,0.05532205425968566,0.45109040606988543,0.03555070577635399,0.17791490639703675,0.025448793673040343,0.06870157172890179
107,0.12271617339589094,0.0073127929395704235,5,0.05227783267503171,0.3287465647106977,0.021633197072010526,0.5302209541805489,0.0010599580405018065,0.07305691978666799,0.0024526240244656028,0.0019120733489368306,0.008098685803623325,0.6416070637798503,0.01902977736093985,0.02574856295301039,0.17795486740950164,0.1579999704791513
108,0.13146763294652455,0.004254119163678846,5,0.06656475212928586,0.08887513066192856,0.03622150085765112,0.5447128314411026,0.0013862356006844247,0.28958075808301725,0.010327858077292494,0.0012233985035101148,0.14581807618995116,0.44368148255148354,0.04661890394519514,0.0972917731221257,0.058933883473942884,0.02143597724521189
109,0.11485118886471861,0.004034043024556824,5,0.020779041493191104,0.02106754170129978,0.013729799302226288,0.6115682885846891,0.001460687300080309,0.3143986816615132,0.010268623453082963,0.0020918331708280826,0.03655768826188544,0.5217766637786482,0.02438488077046915,0.22681241575938588,0.19068623783742228,0.018877337399340086
110,0.06936765145397084,0.001241979791299703,5,0.01782290679706726,0.00954118683191423,0.06263910173662557,0.7044032783412074,0.00022097304446804317,0.2776168613561068,0.0009065458892654792,0.00031913912717237167,0.018151584329036814,0.563246113050188,0.11761528751931527,0.2237475279634234,0.14459983212407557,0.05620942203625866
111,0.33930632202074884,0.07025518098381228,6,0.0008236877076280524,0.04402773002824355,5.538726180015722e-05,0.46688349487485814,0.03227890493053448,0.03403784611598805,0.033120791309896876,0.04636348998301589,0.02214620100749429,0.29180276900487695,9.415834506026728e-05,0.3262357194825089,0.050932939081528864,0.00032164174173948446
112,0.44916281195187496,0.007786266853132323,6,0.02066449087327451,0.013197612741783755,0.004012041807050252,0.3135608087614123,0.0022625058743986604,0.2599572579159297,0.003343232895658505,0.0029110232532845903,0.015383416623310426,0.2989483916892833,0.011842544201045257,0.07946326461538211,0.12155358466154942,0.008459945732325466
113,0.2086053693820605,0.0033552661982626875,6,0.29874139670226174,0.024731044857462938,0.023140659834491595,0.6015738999995386,0.00028724138315689834,0.030330060667292408,0.0006932038927780903,0.0006824472806487751,0.004084325464805162,0.44354325012478835,0.0959649159151646,0.20790499441452956,0.08143074096325063,0.02004833304383439
114,0.21056974454942906,0.012429528883573623,6,0.27760701041818375,0.055170410589460435,0.022048935159473544,0.5189510879323624,0.0026693527874249953,0.0335178215809465,0.003784152401383033,0.00818412205676472,0.017850992508368097,0.40502576726794426,0.03323831032402616,0.2466088469166744,0.05966936536340317,0.016651406460888505
115,0.2416905944831821,0.007285608777388203,6,0.1331275256464676,0.05596630541321982,0.022483746927360108,0.5368040453557433,0.004759181262530602,0.05361150001478783,0.008499876906952903,0.0029184090963054175,0.0295060907106197,0.35647132355320615,0.07870290337133319,0.2826799543285222,0.04464257819740959,0.034125724863920744
116,0.15515818597016628,0.006318779421012899,6,0.026842380748042315,0.02348408237733573,0.00913693789548636,0.6287550056323917,0.007821740116404434,0.1441912026643472,0.04409084810108675,0.004592903847810869,0.18002691268467105,0.27692496325018773,0.019819276049639713,0.27648646713784586,0.08649268732030167,0.015537595665848884
117,0.17315217316422907,0.01721024476945652,6,0.06274585448858822,0.0889136417809682,0.007134516420151974,0.6240573517338925,0.0019470297677686918,0.199932659120814,0.005751961669089331,0.003057895933368697,0.03315031310925412,0.31582075977995006,0.04371904214057882,0.2967287144264486,0.05116572056463002,0.01539023264465372
118,0.18456019079128305,0.0030014325765443297,6,0.03791073693543554,0.017663791935702354,0.006921520255154607,0.5502318536170624,0.0003296157493114191,0.273431657068267,0.0019723582508609826,0.0006304978716592028,0.1277993736069322,0.4319122158880277,0.009841677715430368,0.22438171391980033,0.10008743232204649,0.01146800100157214
119,0.19386378347201855,0.0029234414848230603,6,0.0006714408288313126,0.0028557032065161846,0.0002808563702899119,0.4345299409509379,0.0006013257688294587,0.2887682804222115,0.011725852492174445,0.00046545308193321087,0.35423316703784075,0.6942639236073682,0.0012173083581112824,0.10682801845333308,0.03527500552601744,0.0002903634970698243
120,0.1408079659081547,0.001428055722829827,6,0.0022766105726272604,0.0032270556858150046,0.0005022871578069235,0.5381546307124202,0.0003271632676048266,0.32842694567617126,0.0020167107992136936,0.0004732325123870302,0.20798230611894813,0.6047223874882857,0.0006487544114304956,0.29359878400338785,0.016431795015894483,0.0018523331477285437
121,0.2570556435244119,0.04413134987704797,6,0.19276808413532767,0.04289515949402704,0.02200321862257345,0.5251451704836924,0.0016372043987033342,0.05511072554835231,0.0027076531018555387,0.013317546101452504,0.03744751345034157,0.42837892361129787,0.10647205089967414,0.20152935103238875,0.009879012616175822,0.013045487197667974
122,0.3935563945356088,0.0025473541568803446,6,0.07770718043911409,0.01143406216329959,0.009458607568632314,0.4091013543832245,0.0025796599336771133,0.14185728530191932,0.0031773168044173347,0.000805025032611372,0.010614193935943756,0.2735889731773382,0.033640791194667626,0.23385977197360355,0.06279762788285402,0.01596472907677075
123,0.3646777811889455,0.009520467971755531,6,0.031874328167758835,0.08401140635641223,0.007426875275663268,0.42014474865104556,0.004072161919948628,0.19162165718205734,0.008405816050160164,0.0066498462078250714,0.04221030428259695,0.2936971183416891,0.008764126578779907,0.17115947797548758,0.06071211941918939,0.008893631423419606
124,0.3423591002280008,0.0030573860149934635,6,0.0057006355701764285,0.004118790261841779,0.003064363537111183,0.5264507274032726,0.00043465858368614286,0.17658384621541254,0.0027672031833918557,0.0004904787606278949,0.028123518559182728,0.28680751507343477,0.0060310417645743,0.26971119215069805,0.15181282181255504,0.00574496335774782
125,0.33386683200924844,0.02143362436316221,6,0.1091408066836042,0.12902434434272964,0.01243682031428533,0.4732610487547568,0.005140070707478055,0.0675195084082752,0.008562023631890955,0.007139220470218172,0.021315162452447203,0.2718594840010867,0.01957520062910836,0.17893503582422604,0.0477510720382842,0.03816027812504201
126,0.21929150358907867,0.04018831108809419,6,0.01264819431799908,0.2291899069376192,0.002230221869933832,0.6316027957274369,0.0059651259817893355,0.04432629277106755,0.018101770544610558,0.008801441456042808,0.027445150850198226,0.22294684008112534,0.002407069516319577,0.36641270669332465,0.016077941273919278,0.006914363110003035
127,0.19353243940196954,0.014065488397815518,6,0.10342524724164008,0.1403310241386606,0.00105369663173198,0.655201732398094,0.0033856550620382222,0.1117504980444815,0.009340821631993833,0.007687586280576579,0.048174255866031794,0.28255515257755476,0.011149911912637447,0.3104483552486871,0.04207915503166327,0.0035758651100725436
128,0.4110995409230074,0.004778173731222222,6,0.01029058809059208,0.018046446225496227,8.435248868928699e-05,0.4592562651643535,0.01238194806878509,0.18686860292333315,0.00897709933814461,0.002822276370333188,0.0161175582821678,0.23431128010933197,0.0008472646524012618,0.31048447415572716,0.016237646307937278,0.0009640284421632799
129,0.3755252666967122,0.008282472324566652,6,0.08952556036227806,0.07508077924921767,0.00420213357369775,0.45147533159412767,0.005504531870776966,0.08243048146724144,0.008024029651734706,0.004484765462213475,0.027175522890212363,0.2211812562968089,0.019491415374665488,0.2593915690822781,0.03678330961092707,0.004098162383478002
130,0.44286542610235696,0.00316828195881898,6,0.1450145247535527,0.010220076806331913,0.006858242226536314,0.36075524612884574,0.00044525409804063276,0.06752535913148869,0.0015949400526828637,0.000891754242997424,0.009143076921798927,0.2464481514678053,0.036078042410452836,0.23045762319042837,0.033568919270281695,0.012168478834231734
131,0.5744050116959651,0.035074241770156715,6,0.0410457096388808,0.047854869637676066,0.006658166594717239,0.3029323318976722,0.0036206290722539582,0.009429859347234632,0.008174927464937204,0.008531930486813177,0.00398767154918831,0.22551668045564888,0.011438553515315189,0.12314556205889145,0.11099621512544298,0.015636652042527132
132,0.5157093302441242,0.0032394243164186073,6,0.06333980728364311,0.03240812174618686,0.008714524915728434,0.31856389105514654,0.0005739201850913007,0.023139269937603527,0.0013609174232534825,0.0004657488842028265,0.002797758853923026,0.24762159540110187,0.01871649240882384,0.17672169932623566,0.1408288289170869,0.011984155557678162
133,0.7235594766996282,0.004121028566978055,6,0.014958952307274167,0.05635752462078709,7.868695558964432e-05,0.17222354132640708,0.001775675533535698,0.040070127741848975,0.017773616825840475,0.003971282472922253,0.02530869575166718,0.21932674783799677,0.0002794189851550635,0.04973095886077347,0.06138827074575562,0.0006262839322441078
134,0.1748485138136285,0.0007630800438171119,7,0.0008098726880134443,0.0014237761823841291,0.00021036693031855394,0.7070037561565146,0.007682792265055933,0.07746502249846324,0.011008669437164477,0.003365870885096863,0.11976077360638908,0.23117104185834844,0.0005135192747700062,0.5967325936362804,0.004841238957235923,0.0005739097813823667
135,0.09937859131175732,0.011654227455447315,7,0.37297677940322693,0.05131047697255868,0.007335492259433161,0.7079963583436009,0.00169976799270645,0.07285249766557837,0.011361072663977942,0.00220086842691991,0.042405017185316654,0.46266138422507574,0.10357149952649321,0.21364141076328413,0.009160204237058033,0.00045209413624192334
136,0.14673656503354457,0.01686432454545729,7,0.020543170834430795,0.13268849345338654,0.018195934129080344,0.6120400203027984,0.008846215689714707,0.22743538201762345,0.012337541690932942,0.0038245517079649564,0.0742313069215678,0.2540144736619489,0.013855809400068714,0.22582098321844302,0.08798710550150038,0.010632615856284451
137,0.10295585512066735,0.008545652124886298,7,0.009208856873900053,0.07170755176379888,0.012267199680592575,0.6643454288621558,0.0026908238022012717,0.34122051390850616,0.00921386849668857,0.00319031554012347,0.09627619721403889,0.317870587582063,0.013874260054777036,0.230376364518713,0.0906669384079912,0.007805602493115283
138,0.20148067748284829,0.0026758304510882333,7,0.023313785366564876,0.009756433414063195,0.00316263962351264,0.573065065484478,0.000741553739358643,0.2202775055282406,0.005092866342127219,0.0009679483544877973,0.13388872238917193,0.42766396613043806,0.008841539969382053,0.18735227650112996,0.18531472496496756,0.017133495873057014
139,0.11241181524267586,0.008832419969110005,7,0.22495524802884673,0.10709735565106744,0.025264549256059924,0.6265756477142702,0.0018209768670129117,0.15799843423276,0.008414293504714355,0.0022712051712853857,0.0713371098472795,0.3867389888626308,0.09268603718436368,0.09275465486710038,0.07201124848469284,0.02214465169303097
140,0.11273302367382779,0.0012738620886495276,7,0.33055311973152435,0.010955849107085794,0.07531426761266177,0.5615235458165764,0.00017585568877274561,0.15170907514595428,0.0010384615842652428,0.00030089980155697784,0.008113179609790914,0.5565211323579239,0.11983394141822254,0.052620547486791965,0.06587045985667166,0.06950745719422446
141,0.15578180330963823,0.018033176891223288,7,0.1341957709507169,0.05832181721351631,0.05647011370667165,0.5553492329870261,0.0009129703377225416,0.3161457677102358,0.0025863467459732495,0.0025952027192668544,0.023990831652375675,0.5528587732105174,0.09119599516785894,0.03425047671301695,0.06340071789739872,0.042119008984384906
142,0.2368182912826599,0.013892050988479182,7,0.09177120773391569,0.016340132509552737,0.009200134465716586,0.5536479624689863,0.0031397251671985843,0.2148825438677962,0.007229176101595588,0.00215342406755505,0.04007546847247439,0.407179731100589,0.03966122201062411,0.21140788728551033,0.10364504009724929,0.009783695949672343
143,0.18365000952016286,0.03682357150479251,7,0.02454611838897921,0.11902337775378558,0.0017868613383047415,0.6150802757968253,0.010539552615115508,0.14240155000805552,0.0051546974157465585,0.025383474252667213,0.054732357882799475,0.28024562722935664,0.007062914676324924,0.2965047402041709,0.08845591327654713,0.003934861162547889
144,0.12555411399188882,0.02003745854122326,7,0.06470326524536506,0.14626660579757378,0.0018812198531097763,0.631459512408477,0.005612976229126525,0.1967750990677658,0.002572424061867545,0.008818554956124911,0.027756803924812574,0.3608124790219018,0.008844677250757028,0.20242829533783382,0.1853128020390317,0.0034357037035194194
145,0.13905681057130928,0.0070319000045825485,7,0.02064122889662737,0.02820874056005472,0.02428078158942129,0.6291904627899866,0.0010754274908359536,0.22000143782721604,0.0038262179804917956,0.0015244331828659764,0.029539361360874032,0.2983870662985734,0.020014386680506806,0.3059515536311654,0.16510418571682622,0.03374353450722256
146,0.21790047190941006,0.005339139312241518,7,0.013685581240298771,0.01363891117060619,0.0038202785619784775,0.6093310626188264,0.0008617295011094559,0.2311147687852239,0.0023376704551373536,0.0014871917744002166,0.01748460825268509,0.3428575697540306,0.006014188534580646,0.31115393830800164,0.16762597272717802,0.007535549467148646
147,0.3709003330186005,0.004828667742060474,7,0.025298401388359235,0.02700856304411222,0.00670768389947855,0.45133914899620864,0.0005791627834889663,0.1694181657262069,0.002602153914549018,0.0009768273707437144,0.03704724867088259,0.3184155728122157,0.009391002175939049,0.22200818577258072,0.12011917701784189,0.00311442747515616
148,0.0814180825644788,0.0006494382578609172,7,0.012102623219633074,0.008330532539371447,0.004404364927619767,0.6971241822356564,0.0003492676555797803,0.381864506502765,0.001738355017199935,0.0003293095038323643,0.0401142883601664,0.6378242792908778,0.0023418895260417954,0.16505511244023532,0.29370336278890424,0.007598866696311175
149,0.08021648049963394,0.0007813732068041041,7,0.0007976600911350489,0.0005593154423895163,0.006855983821165243,0.6971357222684476,0.004126540351947653,0.5095689417855113,0.004112239673022921,0.0020338743359618774,0.015049875603955409,0.601234778332169,0.004186126514134037,0.11828409331510792,0.2412532479423905,0.01217424741684056
150,0.2763628206816176,0.13676117052142917,7,0.010603644591385422,0.10992615565665875,0.0013011753652799924,0.43378412650161774,0.0019070630822170533,0.25074608306391444,0.0038811761129885097,0.00945810637941656,0.061004887738067955,0.42208892315799235,0.0014795688647671619,0.11890800421967676,0.01639107105994184,0.0012690726626387934
151,0.3037649874388253,0.01184878660119481,7,0.03370547677064961,0.11118958140634272,0.001679200483898634,0.47800476579479895,0.003181945393976053,0.1073305390430527,0.00863606407224994,0.004010465867336596,0.10635264687464349,0.2692998526204873,0.004097462568848451,0.28940314517697674,0.010629191332830504,0.004170506969174442
152,0.3443746864016489,0.021638942184069466,7,0.021229220766376847,0.15331896549984197,0.00021959453322638865,0.36090060996207457,0.039095092909881876,0.002094221394078133,0.11888420142470027,0.01689586173294802,0.09928135267003137,0.26859257131724884,0.0019759471326161256,0.1798854636895999,0.0007738285297701967,0.00033262113121055925
153,0.6277948619967293,0.02787233553701619,7,0.03995772411599748,0.1819261727950172,0.00014349937743036954,0.18416209428812552,0.003618925310589488,0.0006485688154086084,0.006003997828161108,0.005754083182074509,0.02748617709999851,0.2176774257190848,0.001021828431983109,0.07729658459389072,0.0002853864023053417,0.0001898545133980451
154,0.15653029222750967,0.03771330982873563,7,0.023238646394585002,0.48679577781950084,0.0008102640924501722,0.4055183885467004,0.007467320215648746,0.07441338921379963,0.01655436795998,0.00838287060074437,0.04829438207554912,0.43797989633808043,0.0017730531943981288,0.11326963579349635,0.02332431660989347,0.0014323739737088519
155,0.2513078362344221,0.18305354151149486,7,0.015028285365692937,0.3264432725159698,0.0005403473319102456,0.4346591063814983,0.0029777011875260838,0.0014888505937630419,0.0028179532697403496,0.04023051624536481,0.010827314497722593,0.28761381189532254,0.0025379950438208505,0.15738884040983328,0.0049689589827252596,0.00038858681001379823
156,0.4756561615381205,0.007383301563578562,7,0.011565747560272819,0.37048547562805956,5.699557334380363e-05,0.2392008132810858,0.0001428847359521744,0.10214675410209807,0.00022916970115321043,0.0005066273186115878,0.0011513897420633663,0.29626839111709585,0.00024262698930383074,0.007248332879479694,0.02304877237867859,0.00013576028928419893
157,0.42232010733098063,0.005690137300928455,8,0.000624973531137456,0.001698941204381558,0.000634430367463878,0.43189000144287487,0.005368604865830106,0.07469749430842361,0.03686069216640907,0.005633396282969923,0.06739147149606739,0.34927606763882835,0.0004436489737482335,0.3016669113109108,0.06554245441085349,0.01142673644989542
158,0.3022613013768904,0.03126957092729772,8,0.011382430796380277,0.06743192497896702,0.0003041060472369852,0.4228816582312986,0.019895758520920116,0.1912987092934972,0.0561500420659512,0.02142121355139228,0.09325467342457883,0.4193073815250311,0.0012398169618123244,0.14860648841647345,0.05501528738226664,0.00046867625633554265
159,0.42764635475079527,0.15255511032308744,8,0.018258719902246454,0.07073527826938199,0.0016460261192424428,0.27786556844238397,0.0435162264902437,0.006336196634763727,0.051777089463588895,0.09787893328328737,0.023538542293692528,0.36066495324230946,0.005464216654243957,0.09655908012668296,0.003292871768541765,0.0007953539202015388
160,0.08067123351715755,0.07111882872159217,8,0.015234281747120274,0.2028922007312422,0.0011059242038524888,0.6563251214714312,0.002171715729899631,0.22040990772380278,0.0051204332012264875,0.008764232102584089,0.031036627067712104,0.49737453684210037,0.002204401106668934,0.21692415709998789,0.14002911894705092,0.0023169381001024833
161,0.1393645546519818,0.0013831081513735032,8,0.016906256003073574,0.009359191906256004,0.004525116859832234,0.6146768071323192,0.001296263687007748,0.3380446788755843,0.0045127105077799835,0.0017725075238522122,0.0411750816418006,0.6302023623544631,0.010060751104565538,0.16922824486136903,0.25378673881027086,0.00858479541525261
162,0.08015259059708901,0.02219179897100713,8,0.02298509342473394,0.045517927227910225,0.015685148791779832,0.7480411546885639,0.002012269075664752,0.15914427245493556,0.003865879260584143,0.006180745189732316,0.036636300663504935,0.5730425151168693,0.015920683639896658,0.3587911337486271,0.21937045133547442,0.011545705619060003
163,0.08274262672290549,0.0030182109213893614,8,0.01266139884919111,0.033205967683117704,0.0006898076283848981,0.5937722080861901,0.0006966653650413562,0.24788015258060664,0.0027334131520093973,0.0007277268781323721,0.037804281809409784,0.6038837231839139,0.001273118640457742,0.20396240024010145,0.3615439104912076,0.01106031903804511
164,0.09829859268020714,0.0023876251493795725,8,0.01289448141165277,0.0539928869007426,0.0015312298676728529,0.5867702224858582,0.0004728738120524478,0.405100264344213,0.0019375994248809962,0.0006054743201775949,0.03420277106501872,0.6057667204013231,0.0015475499302113325,0.12346739312705046,0.2618129712673059,0.0017482866994346323
165,0.15047785990837165,0.004244350678756276,8,0.000246181032759069,0.0006061664594741763,0.000282930368307373,0.5641029422381258,0.0034469296127726465,0.2836957818875565,0.009828273911370086,0.006711693164386495,0.15870378375900654,0.4799987304817895,0.0002528986532356407,0.27520945145491804,0.10555080931520577,0.0007428897938796946
166,0.21383026963492632,0.011436279493110567,8,0.0014483607617419945,0.003466407361388724,0.0002050377907976093,0.5032878073095474,0.010839173431685991,0.14197127670197737,0.05840916866793373,0.016583505630558736,0.2608903305651185,0.3718941072563659,0.0005557710976110846,0.2537078690311903,0.025932983336689242,0.0007235664952698069
167,0.2634793276788421,0.06248390983222978,8,0.0055943804872317,0.004617648654790576,0.001068937928569651,0.4877863578316733,0.004482603443204104,0.2861489715960345,0.012280546431277286,0.03132069729024235,0.08203241819462911,0.3507567574467943,0.0032598526905616453,0.20427403814966028,0.03750013769715683,0.0014565299255700967
168,0.18220527358071165,0.03088489889238144,8,0.0009777956666867367,0.004275742501985696,0.00034270274104457115,0.48548312419024203,0.015468636719423369,0.37683774860382657,0.01132486157861007,0.022211756477329245,0.09358960295145004,0.4885203904864393,0.0004140475956783988,0.22210643002719352,0.0370708689473376,0.002289633716341106
169,0.2526672933965313,0.008260283209710046,8,0.06023661513372151,0.08934386961393768,0.037676800987017506,0.532985632307127,0.002054919255208667,0.1021901911854218,0.010587551044850561,0.009524407190658772,0.024498246961098452,0.3186810602595361,0.031555110391410846,0.2270849842415174,0.09898148193721873,0.04533824545169668
170,0.3448085873329522,0.003479468973265742,8,0.0375217577004298,0.05867581830771923,0.02290216979755697,0.4374158362950406,0.0003583491607885797,0.09418852868358034,0.002907344482855439,0.0007131721305730898,0.015574304117224694,0.2599124816950456,0.012928338542545919,0.21342447361681852,0.13394941767159438,0.058568269482095106
171,0.11193463174515503,0.0009841126093984155,8,0.040200018785055504,0.026328984265880498,0.11504771731201743,0.5093486739818457,0.00015654212922529403,0.07672012930847164,0.0017172905220983747,0.0003803740095205652,0.020243934693427428,0.2401404419788791,0.10408696452661893,0.2286575834848521,0.16506456311428183,0.10847715349399696
172,0.4290259984435923,0.03987017870536639,8,0.00695115011290994,0.009790488217350126,0.00012266262349210435,0.38458024870752516,0.027098385478354067,0.10487171701531674,0.03242596506327179,0.03635438639530745,0.09806213163509277,0.5521609125993745,0.00035471617678700337,0.1993677847733456,0.015287382439940558,0.00041705291987315476
173,0.13235970006373518,0.01711539454450502,8,0.052456259294714716,0.04844847564562559,0.058806501496888146,0.6584956816119061,0.005833927941150331,0.12296024126265076,0.013210027330799162,0.012344142922558785,0.055809762740900805,0.343511623432999,0.058550883616840646,0.16672168376005436,0.16151029539100648,0.09387270398856999
174,0.24251834966871022,0.11356563966905125,8,0.004468001706025529,0.06994957288312,0.0026436659170876644,0.5035594031396023,0.03545813227255484,0.10775454284031356,0.0430817759675232,0.032040607786330826,0.055540562104255335,0.2918944118323464,0.0026781906193015822,0.24037655503258584,0.04726431733085317,0.002660086202286967
175,0.15596644968165166,0.0005450765694070276,8,0.0013557659364623227,0.0006860306000608628,0.0004391573556209086,0.49166037270958385,0.023879079366489035,0.19016002356295125,0.03776427353066626,0.0004041225387531923,0.12155533403049903,0.4212390112176445,0.0007670995367663923,0.18909472070121777,0.2764291862837877,0.0009536803056665557
176,0.20407452120607014,0.0917967937478041,8,0.0005589378779884333,0.01956447329887442,7.784764844496233e-05,0.4307540440560337,0.03918249259932474,0.08062339078819303,0.09380682826849943,0.021336434058716897,0.23495079328401336,0.3629648126475638,0.00020759372918656622,0.19146855675814384,0.022093904034855977,0.0002574326998841347
177,0.22121180616792008,0.03466145637128237,8,0.007243848305987561,0.06886875165469951,0.0017227815872403885,0.4313419544051361,0.052106882329345496,0.12878939342346124,0.08449332416873578,0.0501201906382205,0.10670260109293297,0.29518299987236407,0.0030389648326107025,0.19711643486492392,0.03962986923612125,0.004293695326518251
178,0.14388018735494573,0.05908794594500807,8,0.005281234843921829,0.026149218018661134,0.00027182826402538825,0.5867745806190361,0.011165201355340682,0.18997408129895904,0.06522349819015255,0.05158664257392448,0.20047747584735645,0.4128811031104075,0.00043418161928675237,0.21973184017820035,0.02508751796008173,0.0016491465501357902
179,0.0644675357858742,0.002877343577544349,8,0.026707909804153045,0.03601025607023678,0.002778292126582094,0.7015954334677953,0.0018197166562494188,0.287231014666892,0.00812828335345358,0.0009605969285155785,0.1406849994056913,0.6390626715129943,0.0028203384567864797,0.29887259234223124,0.12384584845047145,0.002795272375318481
180,0.047198844253399916,0.0008120102425925534,9,0.19852751748138628,0.004971116320367398,0.0005420058530241491,0.7692130864664184,0.008497549390632846,0.050261556767024956,0.10109867022838137,0.001299296271103579,0.03847203078050041,0.40621978771839895,0.001373986834490105,0.5254265450262275,0.01938839212785427,0.002130478423014599
181,0.42199163399068546,0.0029498207112624943,9,0.05266960970067444,0.03371155232668156,0.010233949645853843,0.41355518032721306,0.00033534299600223243,0.05322811547615911,0.0019014746309031346,0.000671484427709232,0.019817972628027168,0.33241474129469717,0.04034535537974002,0.1888508035057715,0.0970474646073413,0.07624541997318852
182,0.3151691737432062,0.002048477268998004,9,0.07352102239214249,0.015166230644591008,0.02795540520218886,0.4954480394989309,0.0005813627675447986,0.0838855674878718,0.0007176322650691688,0.0012784336587271542,0.002912054972244161,0.42256264970230306,0.05059065570221325,0.10491743398891863,0.26856661824664696,0.0526899316596375
183,0.13486828081977018,0.0009466425862466697,9,0.002523583392797309,0.0027634313881342177,0.0013191639743529982,0.6423633222547955,0.0003454289235167772,0.2675600008446474,0.0062583593201863165,0.0003996138526958795,0.0401426657311798,0.6146094864682552,0.0025347391135106534,0.18135815321824614,0.3568547720388235,0.002125164795892145
184,0.11374576953210895,0.0012747180123564435,9,0.002067849087215877,0.0022089484320084066,0.0021631212943834825,0.7144934165750844,0.0002878265836793483,0.13806550788327265,0.0011963294874717048,0.00042450401168350814,0.04120985251299541,0.6179411217269601,0.0020742809661807786,0.2462424762090827,0.44250844887600904,0.0065303671115516946
185,0.11680223495353968,0.0014454319088203736,9,0.005316922080288277,0.0026503633823916433,0.01366520234022309,0.689437261505007,0.006097941170516428,0.130903091280847,0.012466748992853816,0.0007053059902423224,0.017130594975403365,0.5820988876977342,0.009660505698726644,0.2197416847176954,0.3943215175010628,0.06909245500738911
186,0.22343275778571445,0.0016949996506397309,9,0.008962897939416913,0.00990898161079981,0.004699899528805357,0.592452839518356,0.0003662259373095083,0.32480747036661944,0.001292231432304822,0.0005284576025211765,0.023417980247893197,0.43085250280396065,0.0017845483173283497,0.25974373821913,0.10312432487131896,0.036235486490198233
187,0.2958112461906426,0.003426122655910771,9,0.04328053743225921,0.03398174707066313,0.0035152842094488858,0.5378820465698321,0.0007040963936350645,0.2623544727513496,0.0015185452033083335,0.0010171614000043182,0.013606932690623803,0.5098139351210917,0.0016472896886862386,0.1266945693017171,0.2048844538235113,0.007557541188239631
188,0.20698115006604095,0.0044919111402212525,9,0.036004488290253496,0.04457874805025308,0.025146655970299074,0.6243115693604339,0.001937174396790446,0.21652781907153223,0.0016680218170494682,0.0015083004804916681,0.007160504655052203,0.4382474491330173,0.03586729691552753,0.28217650696276403,0.11990888239722013,0.01604253978650447
189,0.2422710115581616,0.0056945570399655485,9,0.014362047144927196,0.02345071647769128,0.0021618340052046896,0.5467555824271025,0.001308370237929246,0.36406173072580617,0.0021128883722862425,0.0014835873776204937,0.022640851341418824,0.3968704987979973,0.005278313506238923,0.2000597218983173,0.11351849589658734,0.0015958744178451664
190,0.2126162582465154,0.005839582677665002,9,0.08280947296829412,0.010272929795116334,0.019128125435189873,0.5877791812066906,0.0053212941625892796,0.16789098310004671,0.027861521144851208,0.0025203216369910648,0.11741513291736812,0.2637044493773995,0.012550503319048103,0.293224389115856,0.03440933208921376,0.00814015339125502
191,0.24212833868070546,0.01218754620803217,9,0.023041238782111576,0.048945735036909556,0.00985625528794877,0.5408482976199975,0.002528153542346025,0.20048533198475146,0.008482591657049563,0.005264981464290433,0.07198478645655154,0.2621784941958945,0.011244355511147237,0.31558871985923886,0.04558244650367608,0.002679519025241288
192,0.2539966100697314,0.12319397925477212,9,0.007324301473132297,0.11158175800733822,0.0001360108108710021,0.3913239943810642,0.07990873754129042,0.07521318302680527,0.08643765415552797,0.05852600868719343,0.14846057237485216,0.3393191113458347,0.0008510617990173815,0.0460571579467299,0.007912886268714411,0.0004000785840240588
193,0.12231500191987663,0.000589265129997685,9,0.0030714055124879337,0.0012349154678522915,0.006153929234975824,0.6543589378804759,0.00018900956999925748,0.4904885698845017,0.0007770834632112329,0.00027398446071320935,0.010226370726388396,0.7134877678013353,0.005691729362120497,0.03846940367877744,0.3118753203930605,0.00864401119603747
194,0.16935478070599555,0.009583948354965312,9,0.058605334724940485,0.049997162975471326,0.02032867928116991,0.535999526122452,0.003687732306357093,0.10973890583555966,0.006853611931805922,0.004023380278763633,0.030515195662788867,0.6377793420307543,0.01710805706974525,0.045793971282918476,0.4005594932035281,0.07384974638599037
195,0.12358483618629922,0.011447321048669525,9,0.05591554020881746,0.05234960560337774,0.023300903348280038,0.5935961937068767,0.002658904199260302,0.11675776519490721,0.005463866068798481,0.00393701109547344,0.020885428599482867,0.5569687840610592,0.043219978398193304,0.1174185022747357,0.34294259156220336,0.08011774621150132
196,0.13334668964596116,0.010285969917721896,9,0.05003990801845424,0.034840665627127156,0.031876529740324316,0.6350981186148124,0.006000283218195482,0.12205939857972511,0.018668665285977964,0.005824076443165672,0.05053312606910846,0.5307644079800878,0.041803247032243425,0.18364125266120507,0.2768783722677892,0.03420181549300081
197,0.1352996122051371,0.014694276646428377,9,0.013190772246806216,0.02237732577763352,0.011973803813518508,0.6228732971588733,0.0031514909178621178,0.1995888937364371,0.005489106372025672,0.005801948606455801,0.024281494875943686,0.5407849683785634,0.018488045217641875,0.17085030762145198,0.34042982013797435,0.034383101824683696
198,0.24060585847507768,0.006166925443532723,9,0.07835255527061648,0.04547685935237914,0.019446363237779506,0.5969117654849838,0.00859938634699084,0.08253503897058855,0.0041237748695394025,0.0064675479653226505,0.013741613693397506,0.27977177180465435,0.05294079193632132,0.31642560654341145,0.10336876265518805,0.02174891523985472
199,0.1578455902550746,0.004257092229334407,9,0.019865623677725937,0.037757592601033334,0.0005122709049890749,0.6051668145196545,0.0037593423893686443,0.36059918754641196,0.0056821734162055895,0.002596447098751713,0.10630105314024081,0.472504935844001,0.0005146910824929603,0.18075902413602687,0.1130771467882026,0.006472764734141484
200,0.09453852626671158,0.008916040090246165,9,0.0025651179092013726,0.034915302409278814,0.00585075213121141,0.7109659036748133,0.005256376070395841,0.11564945464299914,0.007332900092130285,0.005423631657690484,0.04972839928020221,0.6050016909218021,0.04531428881646913,0.27816280714752184,0.3433948812605084,0.0029515222254333875
201,0.09657823379175011,0.016729385112696244,9,0.0016460074972727324,0.01085159081901635,0.010453252985122022,0.7517038576639427,0.027019042236672966,0.1404597083893726,0.006395512891112685,0.010735425698940204,0.013795512408766166,0.4892492097425909,0.004542900301386183,0.4033325321021706,0.2497980173950233,0.007662878370697771
202,0.07358165058700078,0.0016835547622165849,9,0.0007421384257934333,0.0017534839276099746,0.0027628083552821985,0.8723974842896212,0.00020049055511630877,0.0776662414326667,0.0005788356349325689,0.00043574358551488077,0.006409634541288928,0.27333578300550765,0.0006887820683834479,0.6969698439569074,0.13433998994313506,0.0021868022241516745
203,0.019416392141233443,0.0014330653759473107,10,0.0015751137706178171,0.0022058086429548665,0.001036953281094698,0.7741059950615781,0.0002922138404650421,0.2670485468652152,0.00111325356166057,0.0002065789511065367,0.06043388073373272,0.5864488132554548,0.0008250982467575425,0.4873083817887464,0.14425257990323664,0.012852132897231233
204,0.38973362741144946,0.02472864976879701,10,0.10618560802920217,0.04953564562301751,0.07726605797364208,0.42014987534601467,0.00020181295302803518,0.005516220716099628,0.00036752928031121853,0.0012358992428322562,0.010286307770496012,0.30344079305515137,0.06527418463670182,0.17659494786703808,0.056268486702290205,0.03680502202509454
205,0.7903906416034444,0.0009286465325678213,10,0.0015590416240189701,0.003201418209526422,0.00018541032101504376,0.20538104305815025,4.784782477807581e-06,0.00043142788674898356,3.349347734465307e-05,2.312644864273664e-05,0.0001092525332432731,0.03655136320475963,0.0003807889388588533,0.1992818041500811,0.003000856077331654,0.0004693074146982935
206,0.7956924512723057,0.0004513222735198342,10,0.002095021875026445,0.005417076181184938,0.00020873655150292333,0.19969688817530834,6.850427365926055e-06,0.00017367848204200763,2.377501262291984e-05,2.377501262291984e-05,3.183433893577402e-05,0.0383930286010924,0.0004186820019527748,0.1926070187866926,0.0024734072454149487,0.00037637053881029033
207,0.24438810465492827,0.013506426260132213,10,0.09424862413350171,0.30992022430099486,0.007006076206063219,0.5431088545143545,0.001846004513657936,0.04218213966699494,0.005178386055111247,0.003743622231305406,0.0169299633795993,0.31902581184221906,0.01980948067959605,0.21424807470262053,0.01978866890379382,0.007204204311700464
208,0.08109104224354356,0.00474584708464265,10,0.12550487947112005,0.1938422055704071,0.02403357912178295,0.6368145219301263,0.0018599667974187825,0.08067102400685432,0.00048343979379617506,0.0019612817377027995,0.0031459485591340203,0.4094707861006037,0.03480926066419522,0.27456189265881514,0.13847877611552137,0.03481085617506584
209,0.2344309241326756,0.006757003246766407,10,0.0092461908255542,0.01349698225019963,0.01910464640241258,0.5682803564123781,0.0008668177230479881,0.03864928842716259,0.0013426858581231987,0.0012551326066953918,0.0051601697560263796,0.43948561444928197,0.011403405659344891,0.25416526486885255,0.29294486982533935,0.11117661841779926
210,0.21261589252741947,0.01688556571212329,10,0.006227694154645162,0.03256571864784983,0.015969272576614665,0.47572021358928185,0.0007038370947431606,0.06514815648508811,0.0017775352815674608,0.0009668584887810161,0.006164895248161705,0.5775607258013233,0.005506730085406513,0.14558703112868393,0.3661494320369029,0.12373138053201276
211,0.12035961246746062,0.004865387967273987,10,0.004642156801291506,0.027992460286488084,0.0059156258985357734,0.6292975223130354,0.0004420138848167624,0.24539696931339836,0.0011108985741918082,0.0006947665636918552,0.017973748500165605,0.5415131796014719,0.0029157549035030714,0.2457698300652749,0.2889945821957778,0.0329261925781299
212,0.1665292270290752,0.0028432199846435712,10,0.00225585058730938,0.013789576913981992,0.0017837144232396623,0.5610267905088135,0.0012887716817530175,0.31954775757328413,0.001560450033789745,0.0014472173774916686,0.024060539059464748,0.5656261743466119,0.0012879714509664588,0.14890574441668977,0.30679607998946895,0.007903879478841698
213,0.17088597218373403,0.007518893203565146,10,0.005728642452495574,0.026254345166902796,0.010100501166242197,0.5305878953981377,0.0005254387953775782,0.05606359968761584,0.0027139673548155427,0.001641896266225522,0.03803193180332274,0.6529332263568047,0.0044274416608984365,0.14459323879433789,0.4436750804853071,0.08783905097915959
214,0.1060618950886354,0.00265581120224215,10,0.016028370388146525,0.04460863905125981,0.004166710140961052,0.6234545444940661,0.00028933815001761713,0.2583942174105319,0.000885671701926326,0.0004903900406678615,0.053000248004128586,0.42947862304814727,0.0038047364775548238,0.28400726515654356,0.20249898270151137,0.023107724485872994
215,0.13836497661845978,0.0019431142767764758,10,0.022935967466371488,0.014036143128714778,0.007873523112832976,0.5214746552463393,0.0001351557298810469,0.2642835944205148,0.0004247178574006786,0.00033327718555237385,0.010548563819974172,0.5298365879226635,0.006053532898589086,0.2333204995548283,0.2485866801421341,0.051160253787969935
216,0.06698340153976522,0.004149414254675721,10,0.03323427001714866,0.04780380644098972,0.0029164775762151656,0.6292734553844288,0.0010911690408395213,0.2771316350668075,0.003060654862067719,0.0015606488379471403,0.06865690223655517,0.5375164070183707,0.004761464905481548,0.2517773163747646,0.22939369234414597,0.007479146502596396
217,0.14831173918074284,0.007061081420769719,10,0.014109079193278603,0.04335021532822989,0.004955022914783337,0.5556198465867134,0.0008672005612885104,0.19122487888425918,0.002297815725809254,0.0012515327289505565,0.12059280374813813,0.4487465048694033,0.004476243161238383,0.24667338021368052,0.19627353165690914,0.018555475281921956
218,0.15099671146116683,0.03607851893954772,10,0.00870285412691324,0.06224960415736267,0.02115423653120052,0.49390430236786187,0.004571880963014088,0.14981364946611994,0.0085960781129471,0.009274897486906743,0.044456173115180055,0.5499517943267161,0.012111160732410376,0.23447322479801877,0.18903779789695913,0.06848321221225286
219,0.1319331407925735,0.10851029614162032,10,0.0025293423301785602,0.17764864631002544,0.01998984508033325,0.5192213467436188,0.045410613033888374,0.11804400247505759,0.033045528978255086,0.08141527254204414,0.04246535980578308,0.6334588742160985,0.007257012527121962,0.06780245579263067,0.1183533846739079,0.04559509951658011
220,0.2125366501412808,0.047367634932878835,10,0.005562023394708467,0.04531174871046746,0.0021946094368615,0.6112472548596435,0.04238833088146531,0.10780594300071816,0.0776976856957542,0.031866236447376226,0.10242151805754762,0.32833369248813715,0.0027343614128488795,0.25281630632049973,0.06349840304618173,0.005798548521411049
221,0.46555165673913745,0.048321846548936793,10,0.014509622395626594,0.2359568310235594,0.004191668692069905,0.30148972784254574,0.0019793991045885663,0.040558954297539265,0.0025228992700813135,0.004752674855402494,0.004229123385122589,0.3220442477714878,0.005886900668932675,0.1252440152896571,0.03986115708131862,0.0064332506480272575
222,0.5665772757862132,0.06592519966915504,10,0.006627040450624147,0.20009711167802408,0.0014453170793642552,0.2850084707654852,0.0008417156720967807,0.0003703548957225835,0.0005326133385364207,0.0038702695072170526,0.00023851991093634073,0.22475207527951957,0.0023912838009689263,0.1436672760823348,0.004868564576629186,0.002547457552177245
223,0.34644538545778747,0.09271556747560294,10,0.009429754907311003,0.22953081369039516,0.005899524138300347,0.3852890990647284,0.012460046789047455,0.03519970371569461,0.006863837985462938,0.027542013466056274,0.012000985979228213,0.35909140698505826,0.004138496561540515,0.1734873782804146,0.02888363196812818,0.015402859585030284
224,0.5130076686775823,0.32128224651657844,10,0.0017583225449426516,0.15131672224118464,0.0006446778731285256,0.21854716870592578,6.462936071463915e-06,1.373373915186082e-05,1.2118005133994842e-05,0.00020519822026897932,1.5753406674193293e-05,0.1786182409950875,0.0006265008654275333,0.0021174194304133653,0.006374474633985753,0.0026187009094562853
